Category,Qty,Item,Purchase route,Unit price USD,Line total USD,Included in current request,Status,Source link,Notes
"PCB plus Top PCBA",1,"NablaCalc four-layer PCB with Top SMT","JLCPCB JLCONE quote Y20",86.18,86.18,Yes,"Confirmed product subtotal",https://jlcpcb.com,"Five bare PCBs plus two Top assemblies; includes ESP32-S3 U4."
"Bottom-side components",2,"Manual Bottom population","LCSC",2.21,4.43,Yes,"Reference price for two sets",hardware/procurement/NablaCalc_JLC_LCSC_Only_BOM.csv,"For the two JLC Top assemblies."
Battery,1,"Protected LiPo 1S","Mercado Livre",6.89,6.89,Yes,"Selected",https://www.mercadolivre.com.br/1-peca-503450-37v-com-2-fios-1000mah-5mm-x-34mm-x-50mm/up/MLBU2072595624,"503450 3.7V 1000mAh; 5 x 34 x 50 mm."
Camera,1,"RAW autofocus camera","AliExpress",5.40,5.40,Yes,"Selected",https://www.aliexpress.com/item/1005006858943975.html,"OV5640 5MP; 24-pin DVP; 68D lens; 78mm FPC."
Display,1,"SPI LCD module","AliExpress",6.22,6.22,Yes,"Selected",https://www.aliexpress.com/item/33015586094.html,"2.2-inch SPI TFT 320x240; no-touch option."
"FPC cables and fasteners",1,"Interconnect and enclosure hardware","AliExpress",6.00,6.00,Yes,"Selected",https://www.aliexpress.com/item/32845942468.html,"Two 14-pin FPC cables, M2 inserts and M2x10mm screws."
"Keyboard contact system",1,"49-key electrical contact system","TBD",,,No,"Deferred",,"Decide after checking the physical keymat and modules."
MicroSD,1,"microSD card","TBD",,,No,"Deferred",,"Chosen after the first physical build."
"Enclosure printing",1,"Printed case parts","TBD",,,No,"Deferred",,"Material and print service chosen after physical-module fit."
"Shipping and taxes",1,"Checkout-dependent costs","TBD",,,No,"Not included",,"The US$115.12 request excludes shipping and taxes."
